flow_time,people
0.0005762577056884766,0
0.003934144973754883,0
0.0015039443969726562,95
0.0041751861572265625,96
0.0012242794036865234,99
0.0038568973541259766,99
0.003973245620727539,95
0.0039031505584716797,98
0.0040149688720703125,99
0.003859996795654297,94
0.0038361549377441406,93
0.0038013458251953125,94
0.0037288665771484375,88
0.0036728382110595703,83
0.0036029815673828125,84
0.003671884536743164,76
0.0009253025054931641,82
0.0036966800689697266,82
0.0008397102355957031,74
0.00356292724609375,75
0.0008873939514160156,72
0.0034775733947753906,79
0.0015773773193359375,81
0.00379180908203125,83
0.0039026737213134766,93
0.004030704498291016,92
0.0040285587310791016,100
0.004282712936401367,103
0.002808094024658203,105
0.0010447502136230469,104
0.004057884216308594,103
0.0012598037719726562,101
0.0025997161865234375,101
0.0008890628814697266,103
0.0011959075927734375,102
0.0009660720825195312,105
0.0009684562683105469,107
0.004046916961669922,108
0.0009012222290039062,105
0.0015132427215576172,103
0.003968238830566406,99
0.0009071826934814453,99
0.004052639007568359,98
0.0026657581329345703,95
0.0009341239929199219,100
0.0038704872131347656,97
0.0008730888366699219,94
0.0010144710540771484,97
0.0009555816650390625,97
0.0012574195861816406,97
0.0042324066162109375,102
0.001088857650756836,101
0.0040171146392822266,105
0.0010755062103271484,104
0.0009839534759521484,98
0.0039174556732177734,92
0.0015234947204589844,96
0.004018068313598633,97
0.003925800323486328,96
0.0012814998626708984,96
0.0014719963073730469,105
0.003972053527832031,102
0.004037141799926758,101
0.004191398620605469,104
0.002084493637084961,105
0.0029425621032714844,109
0.0020914077758789062,108
0.00431513786315918,107
0.0011982917785644531,106
0.0012729167938232422,106
0.0010623931884765625,102
0.0010683536529541016,100
0.003994464874267578,103
0.0010590553283691406,103
0.0010275840759277344,101
0.0010707378387451172,98
0.003960371017456055,97
0.0009312629699707031,97
0.0009856224060058594,101
0.0011489391326904297,98
0.0010492801666259766,103
0.0008873939514160156,104
0.0009980201721191406,100
0.004024028778076172,106
0.0013668537139892578,105
0.0013086795806884766,104
0.0010557174682617188,103
0.004102945327758789,105
0.0011234283447265625,107
0.0008840560913085938,106
0.0011131763458251953,106
0.004025936126708984,100
0.004167795181274414,101
0.002947568893432617,102
0.0009884834289550781,107
0.0009281635284423828,110
0.004246950149536133,107
0.004145622253417969,106
0.0009632110595703125,106
0.004110574722290039,106
0.004227876663208008,108
0.004369258880615234,107
0.001489877700805664,106
0.004280805587768555,107
0.0009391307830810547,108
0.0011730194091796875,105
0.0011796951293945312,106
0.0012328624725341797,109
0.0010616779327392578,110
0.002231121063232422,112
0.0013866424560546875,114
0.0021588802337646484,113
0.0042073726654052734,110
0.00185394287109375,113
0.0014231204986572266,114
0.004333019256591797,114
0.0009720325469970703,114
0.0011587142944335938,112
0.0010941028594970703,110
0.004221200942993164,110
0.004248619079589844,115
0.004346132278442383,111
0.004148960113525391,113
0.004137516021728516,109
0.004358768463134766,112
0.0011417865753173828,111
0.0040662288665771484,106
0.0011529922485351562,108
0.0014944076538085938,103
0.001140594482421875,100
0.0009086132049560547,102
0.0009622573852539062,103
0.0019342899322509766,107
0.0009465217590332031,107
0.0010437965393066406,106
0.001283884048461914,109
0.004400968551635742,106
0.0014376640319824219,107
0.0010492801666259766,105
0.0009102821350097656,102
0.0010781288146972656,105
0.0015099048614501953,104
0.001009225845336914,102
0.004209995269775391,105
0.0011050701141357422,109
0.0013802051544189453,111
0.0012943744659423828,109
0.0040624141693115234,111
0.001796722412109375,109
0.0012352466583251953,107
0.0012083053588867188,108
0.004227399826049805,109
0.004220008850097656,109
0.0010421276092529297,105
0.001329183578491211,108
0.004033088684082031,105
0.000988006591796875,106
0.0012822151184082031,103
0.0011622905731201172,105
0.0009372234344482422,104
0.0011200904846191406,102
0.001129150390625,101
0.004006862640380859,101
0.00113677978515625,100
0.0012555122375488281,99
0.003957271575927734,99
0.0038976669311523438,100
0.003998279571533203,97
0.004146575927734375,100
0.001001119613647461,99
0.001676321029663086,99
0.003958702087402344,99
0.0010592937469482422,99
0.002694368362426758,100
0.0012774467468261719,103
0.0013561248779296875,100
0.0014557838439941406,103
0.0009479522705078125,102
0.0014891624450683594,102
0.0009632110595703125,100
0.0010614395141601562,101
0.0009551048278808594,100
0.001148223876953125,99
0.004137992858886719,100
0.001394033432006836,100
0.001283407211303711,99
0.004028797149658203,102
0.0009312629699707031,99
0.001031637191772461,96
0.0009286403656005859,100
0.0011458396911621094,98
0.003933906555175781,94
0.0014410018920898438,98
0.0017619132995605469,97
0.0010704994201660156,99
0.0014014244079589844,98
0.0012841224670410156,94
0.0015377998352050781,95
0.001062631607055664,98
0.001051187515258789,101
0.0016074180603027344,102
0.0010027885437011719,101
0.0023527145385742188,96
0.001039743423461914,97
0.001035928726196289,100
0.003988742828369141,99
0.0013420581817626953,99
0.0011548995971679688,101
0.0011718273162841797,101
0.0025582313537597656,103
0.001283407211303711,103
0.004076957702636719,104
0.0009601116180419922,102
0.00396418571472168,103
0.0012679100036621094,100
0.001168966293334961,101
0.0013403892517089844,100
0.0011391639709472656,101
0.004065275192260742,100
0.0017287731170654297,101
0.002707958221435547,100
0.004084348678588867,103
0.0011241436004638672,103
0.0011396408081054688,103
0.002794981002807617,103
0.0010609626770019531,103
0.0009522438049316406,104
0.0013408660888671875,101
0.002746105194091797,103
0.0011303424835205078,103
0.0009362697601318359,99
0.000946044921875,100
0.004098415374755859,99
0.0009467601776123047,101
0.0011658668518066406,101
0.004097461700439453,102
0.001489877700805664,105
0.004077434539794922,102
0.0014221668243408203,101
0.004277229309082031,104
0.0013332366943359375,106
0.001194000244140625,107
0.0042629241943359375,108
0.0011661052703857422,105
0.0011391639709472656,107
0.0010488033294677734,105
0.0012781620025634766,106
0.004181385040283203,107
0.00423121452331543,108
0.0009963512420654297,109
0.0011792182922363281,111
0.004107952117919922,109
0.0011262893676757812,109
0.0010581016540527344,105
0.001283407211303711,105
0.0009198188781738281,104
0.0010063648223876953,104
0.0011487007141113281,105
0.0013964176177978516,107
0.0020308494567871094,102
0.004098653793334961,105
0.001165628433227539,106
0.004030466079711914,104
0.0010590553283691406,103
0.0010020732879638672,107
0.0009949207305908203,104
0.001312255859375,101
0.0012733936309814453,97
0.000997781753540039,97
0.002172708511352539,100
0.001161336898803711,103
0.0017414093017578125,107
0.0011608600616455078,105
0.0010423660278320312,106
0.002028226852416992,105
0.0012421607971191406,109
0.00096893310546875,108
0.001066446304321289,109
0.0009760856628417969,112
0.0042760372161865234,112
0.00444483757019043,108
0.0015757083892822266,109
0.002835512161254883,114
0.004132747650146484,113
0.0009400844573974609,109
0.001009225845336914,110
0.0013349056243896484,111
0.0017769336700439453,106
0.0040204524993896484,109
0.0040988922119140625,102
0.004041194915771484,106
0.001970052719116211,103
0.0015208721160888672,103
0.001964092254638672,103
0.0010540485382080078,105
0.004140615463256836,104
0.002540111541748047,104
flow_time,people
0.0010046958923339844,0
0.0008141994476318359,0
0.0033211708068847656,28
0.003305673599243164,28
0.00327301025390625,28
0.0032575130462646484,28
0.003370046615600586,27
0.003325223922729492,26
0.003338336944580078,27
0.003335237503051758,30
0.003490447998046875,29
0.003531932830810547,30
0.0037217140197753906,30
0.003376007080078125,31
0.0033788681030273438,31
0.0007991790771484375,31
0.003354787826538086,31
0.003297090530395508,31
0.001077413558959961,30
0.001485586166381836,27
0.0012166500091552734,27
0.0033752918243408203,27
0.0014362335205078125,28
0.0033643245697021484,28
0.0017383098602294922,28
0.0013718605041503906,28
0.00331878662109375,28
0.0033159255981445312,28
0.0033125877380371094,27
0.0014865398406982422,28
0.0022733211517333984,27
0.0012094974517822266,28
0.003374338150024414,29
0.0033566951751708984,30
0.003343343734741211,31
0.001756429672241211,31
0.003367185592651367,31
0.003253459930419922,32
0.001455545425415039,31
0.003366231918334961,31
0.0033812522888183594,31
0.0016582012176513672,31
0.003401517868041992,31
0.0033233165740966797,30
0.0033614635467529297,30
0.0034139156341552734,30
0.003350496292114258,30
0.0033102035522460938,30
0.0017347335815429688,29
0.0032930374145507812,28
0.0033283233642578125,27
0.0033326148986816406,29
0.00307464599609375,28
0.003299236297607422,29
0.002550840377807617,28
0.0033025741577148438,29
0.003305673599243164,28
0.0033304691314697266,29
0.0017659664154052734,29
0.003377199172973633,29
0.0017085075378417969,33
0.0033316612243652344,32
0.002156972885131836,30
0.0014433860778808594,31
0.0033805370330810547,30
0.0014438629150390625,31
0.003312349319458008,31
0.0017254352569580078,30
0.0033402442932128906,28
0.0014684200286865234,30
0.0033545494079589844,30
0.0033445358276367188,31
0.0033528804779052734,30
0.0017299652099609375,31
0.0032601356506347656,31
0.003454923629760742,28
0.0033042430877685547,28
0.003351926803588867,27
0.0033125877380371094,29
0.001768350601196289,30
0.0016646385192871094,31
0.0033178329467773438,31
0.0033693313598632812,31
0.0014295578002929688,30
0.0033731460571289062,30
0.0033228397369384766,29
0.001417398452758789,28
0.003340482711791992,28
0.0033512115478515625,30
0.003350496292114258,30
0.0033121109008789062,30
0.0032935142517089844,30
0.0033288002014160156,28
0.0022253990173339844,27
0.0016095638275146484,29
0.0033097267150878906,29
0.0033028125762939453,30
0.0033295154571533203,30
0.003391265869140625,29
0.0033333301544189453,29
0.0033445358276367188,29
0.003311634063720703,28
0.003306865692138672,28
0.003323078155517578,27
0.0033638477325439453,27
0.0033032894134521484,27
0.0033524036407470703,28
0.0033416748046875,29
0.003325223922729492,30
0.003363370895385742,29
0.003350496292114258,29
0.003332376480102539,30
0.0035011768341064453,30
0.0034949779510498047,31
0.002316713333129883,29
0.0033617019653320312,31
0.0033385753631591797,31
0.0033311843872070312,30
0.003313779830932617,29
0.0033195018768310547,29
0.0033216476440429688,28
0.0033473968505859375,27
0.0032913684844970703,28
0.003342151641845703,28
0.0033745765686035156,29
0.0035033226013183594,30
0.003277301788330078,29
0.00330352783203125,29
0.0032958984375,28
0.0033080577850341797,27
0.003305196762084961,28
0.0033338069915771484,28
0.0033349990844726562,28
0.0014150142669677734,28
0.00337982177734375,28
0.003307342529296875,30
0.0009891986846923828,28
0.0007977485656738281,28
0.0008263587951660156,26
0.0033380985260009766,26
0.0021288394927978516,26
0.002362489700317383,29
0.0014367103576660156,30
0.0032973289489746094,29
0.0032913684844970703,30
0.003311634063720703,27
0.003339529037475586,28
0.003374338150024414,29
0.0035288333892822266,28
0.0034971237182617188,28
0.002044200897216797,28
0.003366231918334961,28
0.003327608108520508,27
0.0009870529174804688,29
0.0008499622344970703,32
0.0033714771270751953,31
0.0013310909271240234,32
0.003457784652709961,32
0.0034830570220947266,34
0.003370046615600586,33
0.003481626510620117,32
0.003360748291015625,33
0.0034270286560058594,34
0.0034160614013671875,34
0.003453969955444336,34
0.003442049026489258,34
0.0034110546112060547,33
0.003375530242919922,33
0.0034339427947998047,33
0.003675699234008789,34
0.0033752918243408203,33
0.002425670623779297,33
0.0035822391510009766,34
0.0009500980377197266,34
0.0012471675872802734,34
0.0013434886932373047,33
0.003480672836303711,35
0.0012743473052978516,33
0.001260519027709961,34
0.00177001953125,33
0.003381967544555664,33
0.003438711166381836,33
0.002187967300415039,34
0.0034112930297851562,34
0.002329587936401367,34
0.0034596920013427734,34
0.0014750957489013672,36
0.001567840576171875,37
0.0033648014068603516,35
0.002770662307739258,34
0.0034263134002685547,33
0.0009894371032714844,35
0.002448558807373047,34
0.0008625984191894531,35
0.003445148468017578,34
0.0034394264221191406,35
0.003444671630859375,36
0.0034856796264648438,35
0.0036127567291259766,36
0.0036072731018066406,39
0.003642559051513672,39
0.0024178028106689453,39
0.0019164085388183594,38
0.003569364547729492,37
0.003040313720703125,37
0.0035011768341064453,37
0.0034942626953125,38
0.003509521484375,38
0.0035130977630615234,37
0.0034842491149902344,39
0.0008344650268554688,40
0.003524303436279297,39
0.0036814212799072266,38
0.0036864280700683594,40
0.003518819808959961,40
0.003597259521484375,40
0.0034673213958740234,40
0.0035097599029541016,39
0.003527402877807617,41
0.003567218780517578,41
0.0034720897674560547,41
0.003428220748901367,39
0.0035300254821777344,36
0.0035271644592285156,39
0.0035550594329833984,39
0.003623485565185547,41
0.0037360191345214844,40
0.003521442413330078,40
0.003547191619873047,40
0.0036301612854003906,40
0.0035102367401123047,43
0.0035202503204345703,41
0.003520488739013672,41
0.003473520278930664,42
0.0023746490478515625,39
0.0035250186920166016,40
0.00299072265625,41
0.003496885299682617,40
0.003467559814453125,38
0.0035669803619384766,38
0.00344085693359375,37
0.0034551620483398438,38
0.0034973621368408203,38
0.0035898685455322266,38
0.0034127235412597656,38
0.0035219192504882812,36
0.0034995079040527344,36
0.003474712371826172,38
0.003478527069091797,38
0.0034580230712890625,38
0.0034637451171875,38
0.0034804344177246094,37
0.003621816635131836,38
0.003642559051513672,37
0.003483295440673828,37
0.0034208297729492188,36
0.0036318302154541016,39
0.003459453582763672,37
0.003448486328125,35
0.003403902053833008,35
0.003638744354248047,34
0.0023140907287597656,34
0.003489971160888672,34
0.003507852554321289,35
0.0036323070526123047,37
0.0034914016723632812,37
0.0036191940307617188,39
0.003407716751098633,38
0.0034394264221191406,36
0.0033791065216064453,33
0.0035071372985839844,32
0.0034821033477783203,33
0.0034613609313964844,35
0.0035250186920166016,36
0.0023598670959472656,36
0.003436565399169922,35
0.0033898353576660156,35
0.003403186798095703,34
0.0034558773040771484,33
0.003404378890991211,35
0.003428936004638672,36
0.003403186798095703,37
0.003606081008911133,34
0.003396272659301758,35
0.0034258365631103516,34
0.0034132003784179688,35
0.003429889678955078,34
0.00353240966796875,34
0.003453969955444336,36
0.003551006317138672,36
0.0034210681915283203,37
0.003420114517211914,37
0.003450155258178711,35
0.0034761428833007812,35
0.0034723281860351562,38
0.0034623146057128906,36
0.0034286975860595703,38
flow_time,people
0.00039505958557128906,0
0.0005974769592285156,0
0.0026352405548095703,70
0.0008897781372070312,71
0.0007233619689941406,70
0.0009641647338867188,70
0.0013265609741210938,68
0.0008215904235839844,67
0.0026290416717529297,68
0.0009617805480957031,68
0.0025887489318847656,69
0.002552032470703125,68
0.0007231235504150391,67
0.0012443065643310547,69
0.0009355545043945312,67
0.0018520355224609375,68
0.0025839805603027344,70
0.0008482933044433594,71
0.0006489753723144531,68
0.0014805793762207031,69
0.0013802051544189453,69
0.001077890396118164,69
0.0008115768432617188,68
0.0010981559753417969,68
0.0006558895111083984,69
0.0009570121765136719,69
0.0025568008422851562,69
0.0010230541229248047,67
0.0013475418090820312,68
0.0025758743286132812,69
0.0027654170989990234,68
0.002559661865234375,67
0.0010371208190917969,66
0.0009608268737792969,68
0.002580881118774414,68
0.0007524490356445312,69
0.0009403228759765625,69
0.002777576446533203,68
0.0026311874389648438,70
0.0009517669677734375,69
0.0026726722717285156,74
0.0026285648345947266,72
0.0007867813110351562,71
0.0017101764678955078,70
0.0006551742553710938,68
0.0025930404663085938,67
0.0026466846466064453,68
0.0009875297546386719,68
0.0012595653533935547,71
0.0009317398071289062,68
0.0017976760864257812,69
0.0013592243194580078,70
0.002554655075073242,71
0.001705169677734375,66
0.0012340545654296875,67
0.0008094310760498047,64
0.0028345584869384766,67
0.0006663799285888672,67
0.0008358955383300781,66
0.0013861656188964844,33
0.0007398128509521484,34
0.0009875297546386719,33
0.002232789993286133,47
0.0005433559417724609,46
0.0013353824615478516,47
0.0009875297546386719,46
0.0017783641815185547,51
0.0012569427490234375,56
0.0008683204650878906,57
0.0009775161743164062,56
0.0016772747039794922,59
0.001041412353515625,61
0.0009026527404785156,64
0.0009145736694335938,65
0.0013284683227539062,67
0.0010726451873779297,66
0.0017278194427490234,66
0.0006539821624755859,65
0.0015294551849365234,66
0.0009372234344482422,67
0.0006670951843261719,69
0.0025854110717773438,68
0.0007369518280029297,67
0.001149892807006836,67
0.0026891231536865234,70
0.0009415149688720703,71
0.002133607864379883,70
0.001058340072631836,70
0.0010843276977539062,69
0.0017664432525634766,67
0.002590656280517578,72
0.002563953399658203,68
0.002628803253173828,66
0.0009438991546630859,66
0.0016026496887207031,69
0.0028696060180664062,68
0.0009570121765136719,71
0.0013599395751953125,71
0.0017712116241455078,70
0.0008330345153808594,71
0.0026259422302246094,74
0.0016834735870361328,72
0.0007021427154541016,72
0.000743865966796875,72
0.002730131149291992,74
0.0021386146545410156,74
0.0008137226104736328,71
0.0027878284454345703,73
0.0026450157165527344,74
0.0017726421356201172,70
0.0026128292083740234,68
0.0008206367492675781,69
0.0009317398071289062,69
0.0008199214935302734,69
0.0025827884674072266,68
0.0011126995086669922,67
0.0006804466247558594,72
0.0026710033416748047,73
0.0027015209197998047,72
0.0011529922485351562,72
0.0009791851043701172,77
0.0017981529235839844,76
0.002675771713256836,75
0.0010635852813720703,73
0.0012836456298828125,73
0.002656221389770508,72
0.002340078353881836,72
0.0026845932006835938,74
0.0008966922760009766,75
0.0009489059448242188,73
0.002570629119873047,72
0.0025200843811035156,68
0.000978231430053711,66
0.0008924007415771484,60
0.0026216506958007812,60
0.0026493072509765625,59
0.0009837150573730469,62
0.002527475357055664,63
0.0024976730346679688,62
0.0014641284942626953,62
0.0012822151184082031,61
0.001653432846069336,60
0.0006344318389892578,60
0.001283884048461914,59
0.0017216205596923828,62
0.002542734146118164,63
0.002580881118774414,65
0.002530813217163086,64
0.0019001960754394531,64
0.0025472640991210938,64
0.002531290054321289,65
0.0006487369537353516,65
0.0025434494018554688,66
0.0010366439819335938,64
0.0009334087371826172,65
0.0013399124145507812,65
0.0025911331176757812,67
0.0025751590728759766,68
0.001903533935546875,69
0.002637624740600586,69
0.0013577938079833984,70
0.0011372566223144531,72
0.0008287429809570312,69
0.0007863044738769531,70
0.001796722412109375,70
0.001352548599243164,69
0.0006201267242431641,67
0.002752065658569336,68
0.0009846687316894531,72
0.000797271728515625,71
0.0011754035949707031,71
0.0011200904846191406,70
0.002660512924194336,71
0.002614259719848633,71
0.0010023117065429688,71
0.0009472370147705078,69
0.0009121894836425781,71
0.0009524822235107422,72
0.0009837150573730469,74
0.002724170684814453,74
0.0008549690246582031,74
0.0010941028594970703,73
0.0026340484619140625,74
0.0014979839324951172,72
0.0026388168334960938,74
0.0025594234466552734,72
0.002594470977783203,72
0.0009615421295166016,68
0.000667572021484375,70
0.0008931159973144531,70
0.00067901611328125,69
0.0009152889251708984,70
0.0011458396911621094,72
0.0012667179107666016,72
0.0006988048553466797,69
0.0009191036224365234,68
0.001898050308227539,66
0.0025701522827148438,66
0.0012936592102050781,68
0.002624988555908203,67
0.001367330551147461,70
0.0011889934539794922,69
0.002668619155883789,69
0.0009686946868896484,69
0.0026640892028808594,73
0.0013401508331298828,73
0.0008099079132080078,70
0.0008223056793212891,68
0.0007190704345703125,71
0.0011446475982666016,68
0.0006520748138427734,68
0.0009226799011230469,65
0.0009925365447998047,66
0.0010921955108642578,66
0.0025634765625,68
0.0015311241149902344,66
0.0011146068572998047,70
0.0026242733001708984,70
0.0015842914581298828,72
0.0009102821350097656,70
0.0013480186462402344,72
0.002582073211669922,73
0.001279592514038086,68
0.002828836441040039,68
0.0018191337585449219,72
0.001374959945678711,72
0.0006754398345947266,71
0.0009181499481201172,70
0.0028328895568847656,74
0.0014045238494873047,71
0.0013725757598876953,73
0.0014934539794921875,71
0.0025038719177246094,71
0.001291036605834961,65
0.0006022453308105469,66
0.00174713134765625,66
0.0008184909820556641,65
0.0009300708770751953,65
0.0010218620300292969,67
0.0008199214935302734,67
0.0009484291076660156,72
0.0011703968048095703,73
0.0007343292236328125,73
0.001046895980834961,70
0.0013890266418457031,71
0.0017542839050292969,69
0.0025627613067626953,70
0.001329660415649414,69
0.0009210109710693359,69
0.002641916275024414,68
0.002691030502319336,73
0.002614259719848633,71
0.0009467601776123047,71
0.0008873939514160156,70
0.0017039775848388672,70
0.0009710788726806641,70
0.0008139610290527344,72
0.0009326934814453125,69
0.0026824474334716797,69
0.0012197494506835938,69
0.0009648799896240234,73
0.002653837203979492,72
0.0016856193542480469,72
0.0008304119110107422,72
0.0007555484771728516,72
0.002721071243286133,72
0.0026574134826660156,74
0.001378774642944336,73
0.0013592243194580078,72
0.0011246204376220703,71
0.0015194416046142578,71
0.0026810169219970703,72
0.0013976097106933594,74
0.002851724624633789,73
0.0009553432464599609,73
0.0017249584197998047,73
0.0011563301086425781,76
0.0018925666809082031,75
0.0027959346771240234,79
0.0018799304962158203,78
0.0008900165557861328,76
0.001375436782836914,75
0.0013811588287353516,74
0.002840280532836914,74
0.0013937950134277344,75
0.0027313232421875,75
0.0011444091796875,78
0.002788543701171875,77
0.0009963512420654297,77
0.0010018348693847656,76
0.0008833408355712891,77
0.002960205078125,76
0.0027589797973632812,76
0.0027618408203125,76
0.002012491226196289,76
0.0027017593383789062,77
0.0018301010131835938,76
flow_time,people
0.020992517471313477,0
0.04078054428100586,0
0.04209160804748535,15
0.035941123962402344,15
0.03687143325805664,14
0.04552435874938965,14
0.039313554763793945,13
0.03894805908203125,15
0.035637617111206055,15
0.0378110408782959,15
0.037279367446899414,15
0.01868438720703125,13
0.03796696662902832,14
0.03719329833984375,15
0.011509180068969727,13
0.024521350860595703,14
0.018355607986450195,15
0.022405385971069336,15
0.01583409309387207,15
0.03820919990539551,15
0.030160903930664062,16
0.022450923919677734,16
0.03763890266418457,16
0.03638315200805664,16
0.029024839401245117,16
0.02109503746032715,16
0.015810012817382812,17
0.02266979217529297,17
0.018538236618041992,18
0.03449225425720215,16
0.03744101524353027,16
0.02281785011291504,15
0.037409067153930664,15
0.03751373291015625,15
0.03664731979370117,15
0.03778362274169922,15
0.037540435791015625,15
0.018106698989868164,15
0.029422998428344727,15
0.03810691833496094,15
0.038915157318115234,15
0.03643321990966797,14
0.03850674629211426,14
0.021993398666381836,14
0.01573657989501953,14
0.022462129592895508,14
0.03758430480957031,14
0.038014888763427734,13
0.03534388542175293,13
0.03761935234069824,13
0.0369572639465332,13
0.03717970848083496,13
0.03931903839111328,13
0.03760886192321777,14
0.03833127021789551,13
0.03914165496826172,11
0.03879237174987793,11
0.037697553634643555,11
0.03871726989746094,10
0.0363309383392334,10
0.03731822967529297,10
0.020561695098876953,9
0.034845829010009766,9
0.037996530532836914,9
0.024842023849487305,10
0.03732109069824219,9
0.020922183990478516,8
0.03885054588317871,8
0.03852128982543945,8
0.015776872634887695,9
0.02242565155029297,9
0.0384373664855957,9
0.038301706314086914,9
0.03696250915527344,9
0.021245241165161133,10
0.026360511779785156,9
0.03839993476867676,10
0.018305063247680664,10
0.03671431541442871,10
0.036843299865722656,10
0.03797507286071777,11
0.02874612808227539,11
0.036520957946777344,12
0.02864861488342285,12
0.016242265701293945,11
0.010266542434692383,11
0.010660886764526367,10
0.010327339172363281,10
0.03636312484741211,10
0.03933453559875488,9
0.03449106216430664,8
0.022531747817993164,9
0.028818368911743164,9
0.03749823570251465,11
0.029888153076171875,12
0.03766441345214844,11
0.03643059730529785,11
0.03757739067077637,10
0.028502225875854492,10
0.03641676902770996,11
0.035295724868774414,11
0.0366215705871582,11
0.021834850311279297,10
0.03718161582946777,10
0.03835582733154297,11
0.037287235260009766,11
0.024789094924926758,12
0.036092281341552734,12
0.03731060028076172,12
0.037282466888427734,13
0.022379398345947266,12
0.036959171295166016,12
0.037340402603149414,11
0.036931753158569336,11
0.034108877182006836,11
0.032073259353637695,11
0.0379939079284668,11
0.03704428672790527,11
0.03750276565551758,12
0.023788928985595703,12
0.037843942642211914,12
0.038492679595947266,12
0.03778862953186035,12
0.02518439292907715,11
0.03714609146118164,11
0.03503751754760742,11
0.017341136932373047,11
0.03818869590759277,12
0.038059234619140625,12
0.038324832916259766,13
0.026893138885498047,14
0.03671097755432129,14
0.03692960739135742,14
0.029195308685302734,13
0.027640819549560547,13
0.022403717041015625,13
0.028275251388549805,15
0.03777766227722168,14
0.0392146110534668,14
0.036884307861328125,14
0.038022518157958984,14
0.03378009796142578,13
0.036104679107666016,12
0.03899645805358887,12
0.03300929069519043,13
0.03738284111022949,14
0.037702083587646484,14
0.025024890899658203,14
0.02144002914428711,14
0.03668618202209473,14
0.03817915916442871,13
0.038535118103027344,13
0.039025068283081055,13
0.0325016975402832,15
0.03699016571044922,15
0.03681612014770508,15
0.03802680969238281,14
0.03950786590576172,14
0.0386962890625,14
0.03952765464782715,14
0.038739681243896484,14
0.029073238372802734,14
0.036838531494140625,14
0.01894688606262207,13
0.01837015151977539,13
0.021500110626220703,14
0.029193639755249023,15
0.03603029251098633,17
0.03753399848937988,17
0.03660011291503906,16
0.022510290145874023,16
0.03877711296081543,16
0.03838944435119629,15
0.03787040710449219,14
0.021176576614379883,14
0.039142608642578125,14
0.03919196128845215,16
0.03677105903625488,16
0.025493383407592773,17
0.03969383239746094,16
0.03976631164550781,16
0.03789567947387695,15
0.03566694259643555,15
0.037497758865356445,16
0.03665304183959961,16
0.03769326210021973,16
0.025092363357543945,15
0.03609323501586914,16
0.03948330879211426,16
0.03733325004577637,17
0.03669023513793945,18
0.03803372383117676,16
0.03808164596557617,16
0.03417658805847168,16
0.034488677978515625,17
0.02937602996826172,17
0.038964271545410156,17
0.028153181076049805,16
0.03458380699157715,16
0.03765249252319336,16
0.022391319274902344,16
0.03705644607543945,17
0.03720545768737793,18
0.03628873825073242,19
0.025620460510253906,18
0.03793954849243164,16
0.022629499435424805,16
0.03925609588623047,16
0.03882336616516113,16
0.03698134422302246,14
0.02982163429260254,16
0.03660225868225098,17
0.03820991516113281,16
0.02261495590209961,18
0.028757333755493164,19
0.032305240631103516,19
0.037644386291503906,19
0.035131216049194336,18
0.03692293167114258,16
0.035521745681762695,16
0.03676176071166992,16
0.018350839614868164,17
0.014916181564331055,16
0.0361933708190918,17
0.02656269073486328,17
flow_time,people
0.02467179298400879,0
0.03491973876953125,0
0.037532806396484375,71
0.035703420639038086,75
0.038239240646362305,77
0.038887977600097656,84
0.03975820541381836,83
0.03910422325134277,83
0.031743526458740234,84
0.038164377212524414,81
0.023909568786621094,80
0.03951263427734375,86
0.032012224197387695,82
0.038137197494506836,82
0.013317584991455078,80
0.03938102722167969,79
0.03414726257324219,80
0.023772001266479492,80
0.03960275650024414,80
0.03337550163269043,82
0.019831418991088867,84
0.039877891540527344,85
0.03796124458312988,88
0.03582954406738281,86
0.03892993927001953,85
0.03872203826904297,87
0.03892159461975098,94
0.03900742530822754,97
0.03382754325866699,97
0.03799843788146973,96
0.037109375,94
0.02997875213623047,91
0.028640031814575195,85
0.02989935874938965,88
0.023779869079589844,90
0.03856682777404785,92
0.03969907760620117,93
0.03869342803955078,89
0.016945362091064453,88
0.022738218307495117,88
0.01683950424194336,90
0.013601064682006836,90
0.02255392074584961,96
0.01374053955078125,97
0.014290809631347656,89
0.011514663696289062,91
0.012320280075073242,92
0.011767387390136719,89
0.011338949203491211,88
0.014479875564575195,89
0.01304769515991211,88
0.011842489242553711,87
0.01308894157409668,89
0.0146942138671875,90
0.016513586044311523,86
0.015121698379516602,85
0.012219905853271484,87
0.03764486312866211,89
0.011520624160766602,90
0.012237071990966797,89
0.011511802673339844,87
0.034379005432128906,88
0.012050151824951172,84
0.011338949203491211,85
0.013131380081176758,87
0.012243986129760742,84
0.012040376663208008,82
0.03460073471069336,85
0.011274337768554688,84
0.013492345809936523,83
0.011993408203125,81
0.014273881912231445,84
0.012668609619140625,87
0.0377955436706543,88
0.01743006706237793,88
0.011332273483276367,87
0.015184402465820312,88
0.012189865112304688,89
0.011245250701904297,80
0.01138925552368164,80
0.013400554656982422,82
0.01405954360961914,85
0.012120246887207031,85
0.038970232009887695,85
0.015428543090820312,85
0.03811764717102051,90
0.011644840240478516,90
0.03945493698120117,95
0.012934446334838867,89
0.012963533401489258,87
0.03941988945007324,90
0.011365175247192383,91
0.013660669326782227,89
0.011959552764892578,87
0.04137563705444336,85
0.016546010971069336,82
0.018800973892211914,85
0.012480735778808594,88
0.012510299682617188,87
0.012836456298828125,89
0.035340309143066406,87
0.011345624923706055,88
0.03941798210144043,87
0.03799700736999512,83
0.015402555465698242,85
0.011426687240600586,87
0.012414216995239258,84
0.038671016693115234,86
0.014091014862060547,90
0.030312061309814453,91
0.011693954467773438,91
0.01144099235534668,89
0.011584758758544922,91
0.012166023254394531,91
0.03772592544555664,90
0.011826753616333008,93
0.013243675231933594,90
0.013189315795898438,94
0.011758804321289062,91
0.011279106140136719,89
0.012450456619262695,92
0.014339208602905273,90
0.01240396499633789,92
0.03105950355529785,89
0.011737585067749023,90
0.011977434158325195,89
0.011655807495117188,91
0.037276268005371094,90
0.03899502754211426,91
0.012126922607421875,93
0.011774063110351562,94
0.014012336730957031,91
0.01219034194946289,95
0.011636495590209961,94
0.011624813079833984,93
0.015076160430908203,92
0.02035069465637207,91
0.014846324920654297,94
0.012221336364746094,90
0.012280941009521484,90
0.012101173400878906,88
0.013053178787231445,89
0.012304067611694336,92
0.037636518478393555,91
0.0291445255279541,92
0.011859893798828125,90
0.013065576553344727,90
0.013262271881103516,90
0.013577938079833984,88
0.03684639930725098,90
0.0369112491607666,87
0.012187957763671875,89
0.03560304641723633,87
0.01201772689819336,85
0.011908531188964844,84
0.011281728744506836,87
0.011347293853759766,84
0.011479377746582031,87
0.012081146240234375,85
0.011323928833007812,85
0.031265974044799805,89
0.011390447616577148,86
0.03951239585876465,93
0.03627133369445801,92
0.011217355728149414,93
0.011500120162963867,92
0.011504650115966797,90
0.011821508407592773,92
0.011689424514770508,84
0.011252880096435547,86
0.012501955032348633,88
0.011802196502685547,88
0.029999732971191406,89
0.01212167739868164,91
0.01237940788269043,91
0.011260747909545898,94
0.011757612228393555,92
0.011834144592285156,86
0.011384725570678711,84
0.01374506950378418,88
0.01238560676574707,82
0.037383079528808594,85
0.012618064880371094,87
0.011725902557373047,86
0.011343002319335938,80
0.011917352676391602,82
0.014275074005126953,85
0.03888583183288574,87
0.01163339614868164,88
0.01137852668762207,84
0.011316061019897461,83
0.012572526931762695,84
0.01132655143737793,87
0.011237621307373047,92
0.011303424835205078,86
0.039611101150512695,87
0.011417388916015625,89
0.03481483459472656,87
0.011105775833129883,85
0.01128697395324707,83
0.01121377944946289,83
0.012647390365600586,86
0.012274980545043945,91
0.011710643768310547,88
0.012224674224853516,86
0.011332988739013672,79
0.03418397903442383,81
0.011238813400268555,81
0.011251449584960938,80
0.011325597763061523,81
0.01177668571472168,82
0.011333703994750977,85
0.012465238571166992,87
0.036138057708740234,87
0.01199030876159668,89
0.012047529220581055,90
0.01123666763305664,90
0.012615203857421875,94
0.011360883712768555,91
0.011492729187011719,89
0.01122903823852539,88
0.012037992477416992,86
0.012136220932006836,87
0.012298583984375,90
0.011214733123779297,92
0.012786149978637695,92
0.03803443908691406,86
0.011514902114868164,88
0.011802434921264648,90
0.011262655258178711,93
0.011265754699707031,91
0.013188362121582031,93
0.011625289916992188,92
0.011250019073486328,94
0.011722564697265625,90
0.012288331985473633,87
0.011299371719360352,91
0.012530803680419922,93
0.011319160461425781,88
0.012396812438964844,93
0.012690067291259766,90
0.011384248733520508,89
0.011130571365356445,84
0.011861085891723633,81
0.012497901916503906,82
0.012179136276245117,85
0.011858940124511719,86
0.011217117309570312,79
flow_time,people
0.0008826255798339844,0
0.001051187515258789,0
0.004361152648925781,82
0.0010137557983398438,92
0.0012507438659667969,98
0.004451274871826172,101
0.0022859573364257812,101
0.0010237693786621094,102
0.004468441009521484,100
0.001577615737915039,100
0.004494667053222656,98
0.0011172294616699219,97
0.004598140716552734,103
0.0010347366333007812,102
0.0010704994201660156,104
0.001737356185913086,99
0.0044803619384765625,101
0.002340078353881836,103
0.0011026859283447266,103
0.0017812252044677734,104
0.0011610984802246094,105
0.004433631896972656,100
0.0012857913970947266,99
0.004624366760253906,101
0.0012896060943603516,108
0.0014429092407226562,106
0.0013427734375,105
0.0010182857513427734,105
0.004592418670654297,103
0.0011107921600341797,102
0.0011458396911621094,100
0.0045070648193359375,96
0.001108407974243164,96
0.0017478466033935547,96
0.0011665821075439453,102
0.0046045780181884766,100
0.004514932632446289,99
0.00453948974609375,104
0.0010905265808105469,103
0.004504680633544922,103
0.0030350685119628906,103
0.004411458969116211,102
0.0012013912200927734,100
0.0010707378387451172,99
0.0010693073272705078,97
0.0010128021240234375,96
0.0020351409912109375,97
0.0011487007141113281,94
0.0012996196746826172,96
0.0014009475708007812,97
0.0010821819305419922,99
0.004506587982177734,102
0.0010178089141845703,96
0.004496335983276367,100
0.002975940704345703,98
0.0013775825500488281,95
0.0044498443603515625,92
0.001055002212524414,91
0.004387617111206055,88
0.0012488365173339844,86
0.004250764846801758,89
0.0012927055358886719,86
0.001226663589477539,88
0.0011987686157226562,88
0.004301548004150391,91
0.004348278045654297,92
0.0010371208190917969,91
0.0010573863983154297,87
0.004321098327636719,89
0.0013206005096435547,89
0.001516103744506836,85
0.004353761672973633,88
0.004342317581176758,95
0.001073598861694336,95
0.004301786422729492,95
0.0013718605041503906,93
0.004470348358154297,90
0.0011436939239501953,94
0.00436091423034668,93
0.004349946975708008,92
0.001348257064819336,93
0.0011081695556640625,94
0.004307270050048828,92
0.0010519027709960938,89
0.0013432502746582031,91
0.001018524169921875,89
0.0012140274047851562,91
0.0009877681732177734,82
0.0009610652923583984,83
0.0010418891906738281,82
0.004229068756103516,84
0.004354953765869141,85
0.00429844856262207,91
0.004299163818359375,92
0.0014541149139404297,93
0.0043985843658447266,91
0.004444599151611328,95
0.005743265151977539,93
0.0014073848724365234,98
0.004373311996459961,99
0.004332304000854492,97
0.004494428634643555,96
0.0010273456573486328,93
0.0012881755828857422,88
0.0011026859283447266,87
0.004305124282836914,82
0.001032114028930664,86
0.0010921955108642578,86
0.0017044544219970703,89
0.004316568374633789,93
0.0018048286437988281,94
0.0041654109954833984,88
0.001111745834350586,87
0.001313924789428711,84
0.001270294189453125,83
0.0044269561767578125,82
0.004302024841308594,88
0.001211404800415039,94
0.0009980201721191406,89
0.0013616085052490234,91
0.00429987907409668,91
0.0016551017761230469,90
0.004333019256591797,88
0.0012612342834472656,90
0.0015408992767333984,92
0.00431370735168457,92
0.0012233257293701172,92
0.0030374526977539062,87
0.0042324066162109375,89
0.0043523311614990234,87
0.0014879703521728516,84
0.0013608932495117188,84
0.0012693405151367188,84
0.0016925334930419922,89
0.0015964508056640625,93
0.0043735504150390625,93
0.004377841949462891,94
0.0011396408081054688,94
0.004544496536254883,96
0.001375436782836914,99
0.002987384796142578,95
0.004384040832519531,96
0.0015683174133300781,95
0.004480600357055664,98
0.004474163055419922,100
0.001699209213256836,102
0.0013301372528076172,98
0.0045201778411865234,89
0.004354953765869141,91
0.0010285377502441406,93
0.004480123519897461,96
0.00440216064453125,94
0.004276275634765625,96
0.004263401031494141,95
0.0042722225189208984,86
0.0012967586517333984,88
0.0017008781433105469,88
0.0011594295501708984,90
0.0043261051177978516,89
0.001012563705444336,92
0.004606962203979492,95
0.0010967254638671875,97
0.004279136657714844,98
0.004330635070800781,92
0.001047372817993164,91
0.001054525375366211,89
0.004390716552734375,91
0.0014014244079589844,95
0.004486083984375,96
0.0015082359313964844,101
0.004345893859863281,100
0.0014851093292236328,101
0.0010700225830078125,90
0.004361867904663086,88
0.0019142627716064453,93
0.0015125274658203125,91
0.00440669059753418,88
0.004411220550537109,91
0.004344940185546875,89
0.0014100074768066406,87
0.0013477802276611328,91
0.0015168190002441406,88
0.0013511180877685547,90
0.004281282424926758,83
0.0010242462158203125,85
0.004420042037963867,84
0.0009608268737792969,87
0.0014171600341796875,87
0.001065969467163086,86
0.00296783447265625,90
0.00445866584777832,90
0.004624128341674805,91
0.0011706352233886719,95
0.0015506744384765625,96
0.0013718605041503906,95
0.004389524459838867,98
0.0044744014739990234,97
0.004372119903564453,100
0.0030670166015625,96
0.004459857940673828,97
0.0044214725494384766,99
0.0044651031494140625,95
0.0013468265533447266,97
0.004398822784423828,97
0.0010654926300048828,97
0.0016324520111083984,95
0.004438161849975586,102
0.001901388168334961,100
0.0010485649108886719,100
0.0012497901916503906,95
0.004299163818359375,91
0.0012884140014648438,91
0.0013041496276855469,97
0.004459857940673828,99
0.004449367523193359,99
0.002027273178100586,97
0.0010514259338378906,103
0.0023193359375,104
0.0015454292297363281,104
0.004317760467529297,99
0.004370689392089844,92
0.004433393478393555,87
0.0014014244079589844,94
0.0010485649108886719,99
0.0010547637939453125,97
0.004344463348388672,95
0.004482269287109375,95
0.0023467540740966797,99
0.0019099712371826172,104
0.002931833267211914,105
0.0011143684387207031,106
0.002287626266479492,110
0.0046961307525634766,103
0.0015239715576171875,104
0.0014400482177734375,103
0.0015940666198730469,103
0.004532814025878906,102
0.004594326019287109,101
0.0012204647064208984,103
0.004569292068481445,106
0.004576206207275391,108
0.0013341903686523438,104
0.001130819320678711,108
0.004547834396362305,106
0.0012378692626953125,106
0.004431962966918945,109
0.004681825637817383,98
0.001440286636352539,109
0.0012154579162597656,107
0.0015211105346679688,100
0.004485607147216797,102
0.001817464828491211,102
0.004696846008300781,108
0.0015783309936523438,104
0.004442453384399414,101
0.002709627151489258,98
0.0017616748809814453,99
0.003721475601196289,102
0.004513740539550781,101
0.0014195442199707031,105
0.0030601024627685547,103
0.004408121109008789,99
0.0013780593872070312,99
0.0012035369873046875,101
0.0012273788452148438,108
0.001447916030883789,103
0.0017426013946533203,106
0.0015904903411865234,108
0.004746913909912109,106
0.004738330841064453,106
0.00472569465637207,105
0.0014760494232177734,106
0.004494667053222656,106
0.0012826919555664062,102
0.0010657310485839844,105
0.0010173320770263672,102
0.0014739036560058594,106
0.004534006118774414,96
0.0014355182647705078,98
0.0015892982482910156,99
0.004506349563598633,100
0.0010530948638916016,97
0.0013234615325927734,99
0.0010819435119628906,100
0.004427671432495117,104
0.0014235973358154297,99
0.0015773773193359375,100
0.0020554065704345703,99
0.004512786865234375,102
0.0030155181884765625,103
0.004555702209472656,101
0.0010564327239990234,98
0.004488468170166016,101
0.004697084426879883,99
0.0012590885162353516,102
0.0046160221099853516,104
0.004694700241088867,106
